,bin,_Attrition_bin,attrition_pct
0,"(0.999, 2.0]",0.181058495821727,18.11
1,"(2.0, 3.0]",0.14678899082568808,14.68
2,"(3.0, 4.0]",0.04716981132075472,4.72
3,"(4.0, 5.0]",0.07246376811594203,7.25
