,bin,_Attrition_bin,attrition_pct
0,"(-0.001, 1.0]",0.2831858407079646,28.32
1,"(1.0, 2.0]",0.14534883720930233,14.53
2,"(2.0, 3.0]",0.13380281690140844,13.38
3,"(3.0, 4.0]",0.11224489795918367,11.22
4,"(4.0, 7.0]",0.14130434782608695,14.13
5,"(7.0, 9.0]",0.0935672514619883,9.36
6,"(9.0, 17.0]",0.06,6.0
