,bin,_Attrition_bin,attrition_pct
0,"(-0.001, 1.0]",0.3488372093023256,34.88
1,"(1.0, 2.0]",0.2125984251968504,21.26
2,"(2.0, 3.0]",0.15625,15.62
3,"(3.0, 5.0]",0.13071895424836602,13.07
4,"(5.0, 7.0]",0.12048192771084337,12.05
5,"(7.0, 9.0]",0.10493827160493827,10.49
6,"(9.0, 10.0]",0.15,15.0
7,"(10.0, 15.0]",0.06481481481481481,6.48
8,"(15.0, 40.0]",0.09420289855072464,9.42
