,bin,_Attrition_bin,attrition_pct
0,"(-0.001, 3.0]",0.38181818181818183,38.18
1,"(3.0, 5.0]",0.18543046357615894,18.54
2,"(5.0, 6.7]",0.176,17.6
3,"(6.7, 8.0]",0.18478260869565216,18.48
4,"(8.0, 10.0]",0.1174496644295302,11.74
5,"(10.0, 13.0]",0.125,12.5
6,"(13.0, 17.0]",0.10638297872340426,10.64
7,"(17.0, 23.0]",0.08974358974358974,8.97
8,"(23.0, 40.0]",0.08461538461538462,8.46
