,bin,_Attrition_bin,attrition_pct
0,"(-0.001, 1.0]",0.27906976744186046,27.91
1,"(1.0, 2.0]",0.1827956989247312,18.28
2,"(2.0, 3.0]",0.11851851851851852,11.85
3,"(3.0, 4.0]",0.14423076923076922,14.42
4,"(4.0, 7.0]",0.1152542372881356,11.53
5,"(7.0, 9.0]",0.08333333333333333,8.33
6,"(9.0, 18.0]",0.06542056074766354,6.54
