,Gender,mean,count,attrition_pct
1,Male,0.17006802721088435,882,17.01
0,Female,0.14795918367346939,588,14.8
