,JobSatisfaction,mean,count,attrition_pct
0,1,0.22837370242214533,289,22.84
2,3,0.16515837104072398,442,16.52
1,2,0.16428571428571428,280,16.43
3,4,0.11328976034858387,459,11.33
