,RelationshipSatisfaction,mean,count,attrition_pct
0,1,0.20652173913043478,276,20.65
2,3,0.15468409586056645,459,15.47
1,2,0.1485148514851485,303,14.85
3,4,0.14814814814814814,432,14.81
