,WorkLifeBalance,mean,count,attrition_pct
0,1,0.3125,80,31.25
3,4,0.17647058823529413,153,17.65
1,2,0.1686046511627907,344,16.86
2,3,0.1422172452407615,893,14.22
