,Department,mean,count,attrition_pct
2,Sales,0.2062780269058296,446,20.63
0,Human Resources,0.19047619047619047,63,19.05
1,Research & Development,0.1383975026014568,961,13.84
