,EducationField,mean,count,attrition_pct
0,Human Resources,0.25925925925925924,27,25.93
5,Technical Degree,0.24242424242424243,132,24.24
2,Marketing,0.22012578616352202,159,22.01
1,Life Sciences,0.14686468646864687,606,14.69
3,Medical,0.13577586206896552,464,13.58
4,Other,0.13414634146341464,82,13.41
