,PerformanceRating,mean,count,attrition_pct
1,4,0.16371681415929204,226,16.37
0,3,0.1607717041800643,1244,16.08
