,StockOptionLevel,mean,count,attrition_pct
0,0,0.24405705229793978,631,24.41
3,3,0.17647058823529413,85,17.65
1,1,0.09395973154362416,596,9.4
2,2,0.0759493670886076,158,7.59
