,EnvironmentSatisfaction,mean,count,attrition_pct
0,1,0.2535211267605634,284,25.35
1,2,0.14982578397212543,287,14.98
2,3,0.1368653421633554,453,13.69
3,4,0.13452914798206278,446,13.45
