,TrainingTimesLastYear,mean,count,attrition_pct
0,0,0.2777777777777778,54,27.78
4,4,0.21138211382113822,123,21.14
2,2,0.17915904936014626,547,17.92
3,3,0.14052953156822812,491,14.05
1,1,0.1267605633802817,71,12.68
5,5,0.11764705882352941,119,11.76
6,6,0.09230769230769231,65,9.23
