,JobInvolvement,mean,count,attrition_pct
0,1,0.3373493975903614,83,33.73
1,2,0.18933333333333333,375,18.93
2,3,0.14400921658986174,868,14.4
3,4,0.09027777777777778,144,9.03
