,OverTime,mean,count,attrition_pct
1,Yes,0.30528846153846156,416,30.53
0,No,0.10436432637571158,1054,10.44
