,JobLevel,mean,count,attrition_pct
0,1,0.26335174953959484,543,26.34
2,3,0.14678899082568808,218,14.68
1,2,0.09737827715355805,534,9.74
4,5,0.07246376811594203,69,7.25
3,4,0.04716981132075472,106,4.72
