{
  "metrics": {
    "model_name": "HistGradientBoosting (tuned + calibrated)",
    "roc_auc": 0.7638900852786631,
    "pr_auc": 0.4723887678077949,
    "classification_report_at_0.5": "              precision    recall  f1-score   support\n\n         0.0      0.868     0.988     0.924       247\n         1.0      0.769     0.213     0.333        47\n\n    accuracy                          0.864       294\n   macro avg      0.819     0.600     0.629       294\nweighted avg      0.852     0.864     0.830       294\n",
    "confusion_matrix_at_0.5": [
      [
        244,
        3
      ],
      [
        37,
        10
      ]
    ]
  },
  "threshold_tuning": {
    "threshold": 0.155,
    "recall": 0.6808510638297872,
    "precision": 0.3047619047619048
  },
  "rs_cv_mean_test_scores": [
    0.5578228460671709,
    0.5873419485515874,
    0.5686729368454297,
    0.588210193566867,
    0.5910923779752758,
    0.5836656791076767,
    0.5731999208922417,
    0.5908040029138035,
    0.5741791565867043,
    0.6031234882720649,
    0.5790583840451443,
    0.5834982068338551,
    0.5823308195908617,
    0.5989879060978318,
    0.5793666662456348,
    0.5841940830511124,
    0.5935989267042605,
    0.5789950011816298,
    0.5599269894753778,
    0.5797089518879212,
    0.5516509815626262,
    0.5881526804220704,
    0.5778445891256057,
    0.5839835308087158,
    0.5890839716432142,
    0.5356352835147121,
    0.5904186745420996,
    0.5523696224370755,
    0.5806696083976899,
    0.5814318506078718,
    0.5884724737686299,
    0.5875107117397972,
    0.5767310839423898,
    0.5802438514235012,
    0.5615576063664618,
    0.5780805938267392,
    0.5926878976661978,
    0.5807852476749232,
    0.5827312431349828,
    0.5622295546733977
  ]
}