{
  "metrics": {
    "model_name": "KNN (tuned + calibrated)",
    "roc_auc": 0.7691446291670255,
    "pr_auc": 0.4052594252443187,
    "classification_report_at_0.5": "              precision    recall  f1-score   support\n\n         0.0      0.856     0.960     0.905       247\n         1.0      0.412     0.149     0.219        47\n\n    accuracy                          0.830       294\n   macro avg      0.634     0.554     0.562       294\nweighted avg      0.785     0.830     0.795       294\n",
    "confusion_matrix_at_0.5": [
      [
        237,
        10
      ],
      [
        40,
        7
      ]
    ]
  },
  "threshold_tuning": {
    "threshold": 0.135,
    "recall": 0.723404255319149,
    "precision": 0.3008849557522124
  },
  "rs_cv_mean_test_scores": [
    0.5091829044806548,
    0.5113754082763323,
    0.5482080031497144,
    0.5118176529412624,
    0.42226393369754034,
    0.5360737497120249,
    0.33088639972756173,
    0.35634436957219473,
    0.5187927436047791,
    0.5482080031497144,
    0.5442075017542969,
    0.5276694492005924,
    0.5359852469374451,
    0.5211491451822827,
    0.5108423462322296,
    0.5918554805511265,
    0.32835895506061863,
    0.4084256809385627,
    0.5356774893401237,
    0.5158858273229715,
    0.40005938666931123,
    0.35634436957219473,
    0.5108423462322296,
    0.5918554805511265,
    0.590417869651011,
    0.5028857771270612,
    0.5407174892812687,
    0.42303654014329284,
    0.35956675347097766,
    0.5079177291606275,
    0.5228552079988942,
    0.5083598040056613,
    0.5886148325316205,
    0.5115068015942841,
    0.5902660330913181,
    0.5168144863092147,
    0.48186084070838175,
    0.5680305128296765,
    0.4781966841153701,
    0.5276694492005924
  ]
}