{
  "metrics": {
    "model_name": "Logistic Regression (tuned + L1 select + calibrated)",
    "roc_auc": 0.8138943922818501,
    "pr_auc": 0.6008399203186235,
    "classification_report_at_0.5": "              precision    recall  f1-score   support\n\n         0.0      0.889     0.976     0.931       247\n         1.0      0.739     0.362     0.486        47\n\n    accuracy                          0.878       294\n   macro avg      0.814     0.669     0.708       294\nweighted avg      0.865     0.878     0.859       294\n",
    "confusion_matrix_at_0.5": [
      [
        241,
        6
      ],
      [
        30,
        17
      ]
    ]
  },
  "threshold_tuning": {
    "threshold": 0.095,
    "recall": 0.7872340425531915,
    "precision": 0.3008130081300813
  },
  "rs_cv_mean_test_scores": [
    0.5862737179883265,
    0.6039100139220782,
    0.6194019774665447,
    0.5953673835535227,
    0.5996476190284084,
    0.5961844012335137,
    0.609388946117383,
    0.612458775100497,
    0.6050186930903638,
    0.5940138001273169,
    0.6165553269259618,
    0.6029511539835559,
    0.5954975173142837,
    0.6059079470068834,
    0.6373384279527716,
    0.6104883455787486,
    0.5941574588902617,
    0.5883727687145901,
    0.6133033639034703,
    0.603939368774637,
    0.6069143496568978,
    0.5950821446340473,
    0.6040099579191984,
    0.6049547155665677,
    0.6107072447829902,
    0.5941142201578178,
    0.5857052906401339,
    0.5848860696135835,
    0.6081149295665494,
    0.6070687242864953,
    0.608926846965794,
    0.6022779428200489,
    0.6051814331139609,
    0.5919161695119899,
    0.5942162498065315,
    0.6093700426189599,
    0.5964629432732079,
    0.5981229443288438,
    0.6236745656173458,
    0.616978432837824
  ]
}