{
  "metrics": {
    "model_name": "Random Forest (tuned + calibrated)",
    "roc_auc": 0.8036437246963563,
    "pr_auc": 0.435940543110351,
    "classification_report_at_0.5": "              precision    recall  f1-score   support\n\n         0.0      0.867     0.947     0.905       247\n         1.0      0.458     0.234     0.310        47\n\n    accuracy                          0.833       294\n   macro avg      0.662     0.591     0.608       294\nweighted avg      0.801     0.833     0.810       294\n",
    "confusion_matrix_at_0.5": [
      [
        234,
        13
      ],
      [
        36,
        11
      ]
    ]
  },
  "threshold_tuning": {
    "threshold": 0.1,
    "recall": 0.851063829787234,
    "precision": 0.31007751937984496
  },
  "rs_cv_mean_test_scores": [
    0.5469659520645208,
    0.503331221749801,
    0.5306056178780614,
    0.5404197307327564,
    0.5481911121384717,
    0.5109836654740452,
    0.5774266613321827,
    0.5566174467191033,
    0.5466238124450615,
    0.5708351621418414,
    0.5074004947535475,
    0.5611566844042735,
    0.5339388039037789,
    0.5765661192977962,
    0.5168206297221112,
    0.5668935947935385,
    0.5127752409184432,
    0.5722261528079567,
    0.5466610321233618,
    0.5087065016658865,
    0.5544571165149136,
    0.5659138240507131,
    0.5695896396701009,
    0.5732737910247006,
    0.5314358880171561,
    0.5118297471978301,
    0.5489420121343103,
    0.5104774778409379,
    0.5169579808413651,
    0.554225208595453,
    0.5256456483691961,
    0.5075400172069722,
    0.5573070273690915,
    0.5569072713870883,
    0.5228047532373516,
    0.5665915400717282,
    0.5361024523320733,
    0.5188860000781429,
    0.5561672030033858,
    0.5559213087876805
  ]
}