{
  "precision_mean": 0.4073177770306634,
  "precision_std": 0.028358343359634285,
  "recall_mean": 0.9703900709219859,
  "recall_std": 0.01931424085757529,
  "roc_auc_mean": 0.9638293860057645,
  "pr_auc_mean": 0.8742474648482754,
  "folds": 15
}